{"cameraMode":{"drawMode":0,"name":"Shaded","section":"Shading Mode"},"sceneLighting":false,"audioPlay":false,"sceneViewState":{"m_AlwaysRefresh":false,"showFog":true,"showSkybox":false,"showFlares":true,"showImageEffects":true,"showParticleSystems":true,"showVisualEffectGraphs":true,"m_FxEnabled":true},"in2DMode":false,"pivot":{"x":-1.44325852394104,"y":-1.1311187744140626,"z":-15.526412963867188},"rotation":{"x":-0.0021702987141907217,"y":0.9908619523048401,"z":-0.13397769629955293,"w":-0.0160568505525589},"size":13.524977684020996,"orthographic":false}